{
    "0": {
        "Dispute": 0.0322788896,
        "Domestic Violence": 0.0520134228,
        "Threat In Person": 0.0519031142,
        "Corona": 0.0289156627,
        "Theft": 0.0235988201,
        "Unknown": 0.057591623,
        "Information Against Police": 0.0479041916,
        "Crime On Phone Mobile Social Media Internet": 0.0153846154,
        "Property Disputes": 0.0,
        "Missing": 0.0693069307
    },
    "1": {
        "Dispute": 0.0161394448,
        "Domestic Violence": 0.0234899329,
        "Threat In Person": 0.0311418685,
        "Corona": 0.0240963855,
        "Theft": 0.017699115,
        "Unknown": 0.0523560209,
        "Information Against Police": 0.0239520958,
        "Crime On Phone Mobile Social Media Internet": 0.0307692308,
        "Property Disputes": 0.0078125,
        "Missing": 0.0297029703
    },
    "2": {
        "Dispute": 0.0122659781,
        "Domestic Violence": 0.005033557,
        "Threat In Person": 0.0121107266,
        "Corona": 0.0096385542,
        "Theft": 0.017699115,
        "Unknown": 0.0261780105,
        "Information Against Police": 0.0239520958,
        "Crime On Phone Mobile Social Media Internet": 0.0230769231,
        "Property Disputes": 0.0078125,
        "Missing": 0.0198019802
    },
    "3": {
        "Dispute": 0.0122659781,
        "Domestic Violence": 0.0067114094,
        "Threat In Person": 0.0121107266,
        "Corona": 0.0144578313,
        "Theft": 0.0029498525,
        "Unknown": 0.0104712042,
        "Information Against Police": 0.0179640719,
        "Crime On Phone Mobile Social Media Internet": 0.0,
        "Property Disputes": 0.0078125,
        "Missing": 0.0
    },
    "4": {
        "Dispute": 0.0058102001,
        "Domestic Violence": 0.0067114094,
        "Threat In Person": 0.0034602076,
        "Corona": 0.0144578313,
        "Theft": 0.0206489676,
        "Unknown": 0.0157068063,
        "Information Against Police": 0.0,
        "Crime On Phone Mobile Social Media Internet": 0.0,
        "Property Disputes": 0.0078125,
        "Missing": 0.0198019802
    },
    "5": {
        "Dispute": 0.0071013557,
        "Domestic Violence": 0.0100671141,
        "Threat In Person": 0.008650519,
        "Corona": 0.0144578313,
        "Theft": 0.017699115,
        "Unknown": 0.0052356021,
        "Information Against Police": 0.005988024,
        "Crime On Phone Mobile Social Media Internet": 0.0,
        "Property Disputes": 0.0078125,
        "Missing": 0.0
    },
    "6": {
        "Dispute": 0.0135571336,
        "Domestic Violence": 0.0117449664,
        "Threat In Person": 0.0121107266,
        "Corona": 0.0289156627,
        "Theft": 0.0412979351,
        "Unknown": 0.0261780105,
        "Information Against Police": 0.005988024,
        "Crime On Phone Mobile Social Media Internet": 0.0,
        "Property Disputes": 0.0,
        "Missing": 0.0198019802
    },
    "7": {
        "Dispute": 0.0167850226,
        "Domestic Violence": 0.0201342282,
        "Threat In Person": 0.0103806228,
        "Corona": 0.0192771084,
        "Theft": 0.0442477876,
        "Unknown": 0.0209424084,
        "Information Against Police": 0.0119760479,
        "Crime On Phone Mobile Social Media Internet": 0.0076923077,
        "Property Disputes": 0.0234375,
        "Missing": 0.0099009901
    },
    "8": {
        "Dispute": 0.0290510006,
        "Domestic Violence": 0.0201342282,
        "Threat In Person": 0.0259515571,
        "Corona": 0.0240963855,
        "Theft": 0.0383480826,
        "Unknown": 0.0104712042,
        "Information Against Police": 0.0179640719,
        "Crime On Phone Mobile Social Media Internet": 0.0153846154,
        "Property Disputes": 0.03125,
        "Missing": 0.0297029703
    },
    "9": {
        "Dispute": 0.0290510006,
        "Domestic Violence": 0.038590604,
        "Threat In Person": 0.0294117647,
        "Corona": 0.043373494,
        "Theft": 0.0442477876,
        "Unknown": 0.0314136126,
        "Information Against Police": 0.0299401198,
        "Crime On Phone Mobile Social Media Internet": 0.0230769231,
        "Property Disputes": 0.1015625,
        "Missing": 0.0297029703
    },
    "10": {
        "Dispute": 0.0361523564,
        "Domestic Violence": 0.0285234899,
        "Threat In Person": 0.0363321799,
        "Corona": 0.043373494,
        "Theft": 0.0412979351,
        "Unknown": 0.0366492147,
        "Information Against Police": 0.0359281437,
        "Crime On Phone Mobile Social Media Internet": 0.0076923077,
        "Property Disputes": 0.125,
        "Missing": 0.0594059406
    },
    "11": {
        "Dispute": 0.0522918012,
        "Domestic Violence": 0.033557047,
        "Threat In Person": 0.0346020761,
        "Corona": 0.0626506024,
        "Theft": 0.0737463127,
        "Unknown": 0.0366492147,
        "Information Against Police": 0.0299401198,
        "Crime On Phone Mobile Social Media Internet": 0.0384615385,
        "Property Disputes": 0.0703125,
        "Missing": 0.0198019802
    },
    "12": {
        "Dispute": 0.0561652679,
        "Domestic Violence": 0.0369127517,
        "Threat In Person": 0.0415224913,
        "Corona": 0.0481927711,
        "Theft": 0.0265486726,
        "Unknown": 0.0052356021,
        "Information Against Police": 0.0479041916,
        "Crime On Phone Mobile Social Media Internet": 0.0538461538,
        "Property Disputes": 0.078125,
        "Missing": 0.0396039604
    },
    "13": {
        "Dispute": 0.0568108457,
        "Domestic Violence": 0.0486577181,
        "Threat In Person": 0.0311418685,
        "Corona": 0.0554216867,
        "Theft": 0.0442477876,
        "Unknown": 0.0261780105,
        "Information Against Police": 0.0419161677,
        "Crime On Phone Mobile Social Media Internet": 0.0461538462,
        "Property Disputes": 0.0625,
        "Missing": 0.0297029703
    },
    "14": {
        "Dispute": 0.0413169787,
        "Domestic Violence": 0.0520134228,
        "Threat In Person": 0.0346020761,
        "Corona": 0.0481927711,
        "Theft": 0.0383480826,
        "Unknown": 0.0209424084,
        "Information Against Police": 0.0538922156,
        "Crime On Phone Mobile Social Media Internet": 0.0538461538,
        "Property Disputes": 0.0546875,
        "Missing": 0.0693069307
    },
    "15": {
        "Dispute": 0.0535829567,
        "Domestic Violence": 0.0369127517,
        "Threat In Person": 0.0415224913,
        "Corona": 0.0385542169,
        "Theft": 0.0412979351,
        "Unknown": 0.0261780105,
        "Information Against Police": 0.0419161677,
        "Crime On Phone Mobile Social Media Internet": 0.0461538462,
        "Property Disputes": 0.09375,
        "Missing": 0.0792079208
    },
    "16": {
        "Dispute": 0.0613298903,
        "Domestic Violence": 0.038590604,
        "Threat In Person": 0.0519031142,
        "Corona": 0.0385542169,
        "Theft": 0.0560471976,
        "Unknown": 0.0471204188,
        "Information Against Police": 0.0538922156,
        "Crime On Phone Mobile Social Media Internet": 0.0692307692,
        "Property Disputes": 0.0546875,
        "Missing": 0.0099009901
    },
    "17": {
        "Dispute": 0.0632666236,
        "Domestic Violence": 0.0318791946,
        "Threat In Person": 0.0588235294,
        "Corona": 0.0674698795,
        "Theft": 0.0678466077,
        "Unknown": 0.0680628272,
        "Information Against Police": 0.0838323353,
        "Crime On Phone Mobile Social Media Internet": 0.0615384615,
        "Property Disputes": 0.0625,
        "Missing": 0.0396039604
    },
    "18": {
        "Dispute": 0.0568108457,
        "Domestic Violence": 0.0520134228,
        "Threat In Person": 0.053633218,
        "Corona": 0.0915662651,
        "Theft": 0.0648967552,
        "Unknown": 0.0628272251,
        "Information Against Police": 0.0658682635,
        "Crime On Phone Mobile Social Media Internet": 0.0769230769,
        "Property Disputes": 0.0390625,
        "Missing": 0.0396039604
    },